"Nombre","Apellidos","Nombre del Establecimiento","email","code","phone","zip","nifCif","street","brandV","brandLR","brandRG","brandSK","role"
"Juan","Perez Islas","Farmacia Perez","juan@juan.com","T00007","5544556434","28001","50777888Z","Paseo de la Castellana 253","1","1","0","0","ROLE_USER"
"Saul","Ramirez Islas","Farmacia Islas","saul.ramirez@disolutionsmx.com","T00007","5544556434","28001","50777888Z","Paseo de la Castellana 253","1","1","0","0","ROLE_ADMIN"
"Saul","Ramirez Islas","Farmacia Islas","saul.ramirez@disolutnsmx.com","T00007","5544556434","28001","50777888Z","Paseo de la Castellana 253","1","1","0","0","ROLE_USER"
"Saul","Ramirez Islas","Farmacia Islas","saul.ramirez@disoluewrtnsmx.com","T00007","5544556434","28001","50777888Z","Paseo de la Castellana 253","1","1","0","0","ROLE_USER"
"Saul","Ramirez Islas","Farmacia Islas","saul.ramirez@disoxdsluewrtnsmx.com","T00007","5544556434","28001","50777888Z","Paseo de la Castellana 253","1","1","0","0","ROLE_USER"
"Saul","Ramirez Islas","Farmacia Islas","saul.ramirez@disoxdsluewrDFtnsmx.com","T00007","5544556434","28001","50777888Z","Paseo de la Castellana 253","1","1","0","0","ROLE_USER"
"Saul","Ramirez Islas","Farmacia Islas","saul.ramirez@disoxdsluensmx.com","T00007","5544556434","28001","50777888Z","Paseo de la Castellana 253","1","1","0","0","ROLE_USER"
"Saul","Ramirez Islas","Farmacia Islas","saul.ramirez@nuevouser.com","T00007","5544556434","28001","50777888Z","Paseo de la Castellana 253","1","1","0","0","ROLE_USER"